{"cameraMode":{"drawMode":0,"name":"Shaded","section":"Shading Mode"},"sceneLighting":false,"audioPlay":false,"sceneViewState":{"showFog":true,"showMaterialUpdate":false,"showSkybox":true,"showFlares":true,"showImageEffects":true,"showParticleSystems":true,"showVisualEffectGraphs":true,"m_FxEnabled":true},"in2DMode":false,"pivot":{"x":207.26492309570313,"y":-0.279998779296875,"z":-52.709991455078128},"rotation":{"x":0.019336750730872155,"y":-0.1286180466413498,"z":0.0025083699729293586,"w":0.991502583026886},"size":44.498443603515628,"orthographic":false}