{"cameraMode":{"drawMode":0,"name":"Shaded","section":"Shading Mode"},"sceneLighting":true,"audioPlay":false,"sceneViewState":{"showFog":true,"showMaterialUpdate":false,"showSkybox":true,"showFlares":true,"showImageEffects":true,"showParticleSystems":true,"showVisualEffectGraphs":true,"m_FxEnabled":false},"in2DMode":false,"pivot":{"x":218.8703155517578,"y":2.5943245887756349,"z":-60.961631774902347},"rotation":{"x":-0.0043541742488741879,"y":0.25252994894981387,"z":-0.0011362144723534585,"w":-0.9675819873809815},"size":8.35042667388916,"orthographic":false}