{"cameraMode":{"drawMode":0,"name":"Shaded","section":"Shading Mode"},"sceneLighting":true,"audioPlay":false,"sceneViewState":{"showFog":true,"showMaterialUpdate":false,"showSkybox":true,"showFlares":true,"showImageEffects":true,"showParticleSystems":true,"showVisualEffectGraphs":true,"m_FxEnabled":false},"in2DMode":false,"pivot":{"x":649.3131713867188,"y":1043.5338134765625,"z":-25.764892578125},"rotation":{"x":-0.049429744482040408,"y":-0.04492972418665886,"z":-0.0022258423268795015,"w":0.9977641701698303},"size":1550.3480224609375,"orthographic":false}