{"cameraMode":{"drawMode":0,"name":"Shaded","section":"Shading Mode"},"sceneLighting":true,"audioPlay":false,"sceneViewState":{"showFog":true,"showMaterialUpdate":false,"showSkybox":false,"showFlares":true,"showImageEffects":true,"showParticleSystems":true},"in2DMode":false,"pivot":{"x":-315.9163818359375,"y":8.787455558776856,"z":10.948375701904297},"rotation":{"x":-0.03970737382769585,"y":-0.9389133453369141,"z":-0.01530124619603157,"w":0.3415262997150421},"size":12.676412582397461,"orthographic":false}