{"cameraMode":{"drawMode":0,"name":"Shaded","section":"Shading Mode"},"sceneLighting":true,"audioPlay":false,"sceneViewState":{"showFog":true,"showMaterialUpdate":false,"showSkybox":false,"showFlares":true,"showImageEffects":true,"showParticleSystems":true},"in2DMode":false,"pivot":{"x":-905.5407104492188,"y":1.4208312034606934,"z":17.480792999267579},"rotation":{"x":0.15788348019123078,"y":0.453103244304657,"z":-0.08189292252063751,"w":0.8735367059707642},"size":22.0,"orthographic":false}