{"cameraMode":{"drawMode":0,"name":"Shaded","section":"Shading Mode"},"sceneLighting":true,"audioPlay":false,"sceneViewState":{"showFog":false,"showMaterialUpdate":false,"showSkybox":false,"showFlares":false,"showImageEffects":false,"showParticleSystems":false},"in2DMode":false,"pivot":{"x":-4.486736297607422,"y":-0.810836672782898,"z":2.219109058380127},"rotation":{"x":-0.01912803389132023,"y":-0.9777699708938599,"z":0.18493443727493287,"w":-0.0971466600894928},"size":7.147985935211182,"orthographic":false}