{"cameraMode":{"drawMode":0,"name":"Shaded","section":"Shading Mode"},"sceneLighting":true,"audioPlay":false,"sceneViewState":{"showFog":true,"showMaterialUpdate":false,"showSkybox":false,"showFlares":true,"showImageEffects":true,"showParticleSystems":true},"in2DMode":false,"pivot":{"x":82.17178344726563,"y":-5.859386444091797,"z":15.693127632141114},"rotation":{"x":-0.13823840022087098,"y":-0.5858521461486816,"z":0.1022614985704422,"w":-0.7919690608978272},"size":47.47920608520508,"orthographic":false}