{"cameraMode":{"drawMode":0,"name":"Shaded","section":"Shading Mode"},"sceneLighting":false,"audioPlay":false,"sceneViewState":{"showFog":true,"showMaterialUpdate":false,"showSkybox":false,"showFlares":true,"showImageEffects":true,"showParticleSystems":true},"in2DMode":false,"pivot":{"x":-67.70927429199219,"y":1.738282561302185,"z":-1.0038461685180665},"rotation":{"x":-0.05710715427994728,"y":-0.9264370799064636,"z":0.14775484800338746,"w":-0.3425857722759247},"size":5.407786846160889,"orthographic":false}