{"cameraMode":{"drawMode":0,"name":"Shaded","section":"Shading Mode"},"sceneLighting":true,"audioPlay":false,"sceneViewState":{"showFog":false,"showMaterialUpdate":false,"showSkybox":false,"showFlares":false,"showImageEffects":false,"showParticleSystems":false},"in2DMode":false,"pivot":{"x":-67.49348449707031,"y":-22.95199966430664,"z":131.69058227539063},"rotation":{"x":-0.11314243078231812,"y":0.016982708126306535,"z":-0.0019203007686883212,"w":-0.9934603571891785},"size":133.33934020996095,"orthographic":false}