{"cameraMode":{"drawMode":0,"name":"Shaded","section":"Shading Mode"},"sceneLighting":true,"audioPlay":false,"sceneViewState":{"showFog":true,"showMaterialUpdate":false,"showSkybox":false,"showFlares":true,"showImageEffects":true,"showParticleSystems":true},"in2DMode":false,"pivot":{"x":-183.27658081054688,"y":-11.832592010498047,"z":-8.744918823242188},"rotation":{"x":0.06912824511528015,"y":-0.7486541271209717,"z":0.07915449887514115,"w":0.6545844078063965},"size":145.8029327392578,"orthographic":false}