{"cameraMode":{"drawMode":0,"name":"Shaded","section":"Shading Mode"},"sceneLighting":true,"audioPlay":false,"sceneViewState":{"showFog":true,"showMaterialUpdate":false,"showSkybox":false,"showFlares":true,"showImageEffects":true,"showParticleSystems":true},"in2DMode":false,"pivot":{"x":46.43000030517578,"y":0.5500001907348633,"z":11.059999465942383},"rotation":{"x":0.12532813847064973,"y":0.07285147905349732,"z":-0.00922827236354351,"w":0.989399790763855},"size":200.71966552734376,"orthographic":false}