{"cameraMode":{"drawMode":0,"name":"Shaded","section":"Shading Mode"},"sceneLighting":true,"audioPlay":false,"sceneViewState":{"showFog":true,"showMaterialUpdate":false,"showSkybox":true,"showFlares":true,"showImageEffects":true,"showParticleSystems":true},"in2DMode":false,"pivot":{"x":-103.71035766601563,"y":15.22225284576416,"z":-12.377178192138672},"rotation":{"x":0.006816903594881296,"y":-0.8663228154182434,"z":-0.011872275732457638,"w":-0.4993570148944855},"size":4.568976879119873,"orthographic":false}