{"cameraMode":{"drawMode":0,"name":"Shaded","section":"Shading Mode"},"sceneLighting":true,"audioPlay":false,"sceneViewState":{"showFog":true,"showMaterialUpdate":false,"showSkybox":true,"showFlares":true,"showImageEffects":true,"showParticleSystems":true},"in2DMode":false,"pivot":{"x":-345.44903564453127,"y":-2.2950615882873537,"z":-2.5421905517578127},"rotation":{"x":0.09734146296977997,"y":0.8933601975440979,"z":-0.2346039116382599,"w":0.3706720471382141},"size":22.0,"orthographic":false}